{
  "cli": {
    "version": ">= 13.2.0"
  },
  "build": {
    "development": {
      "developmentClient": true,
      "distribution": "internal",
      "android": {
        "buildType": "apk",
        "gradleCommand": ":app:assembleDebug"
      },
      "ios": {
        "buildConfiguration": "Debug"
      }
    },
    "preview": {
      "distribution": "internal",
      "android": {
        "buildType": "apk"
      }
    },
    "production": {
      "android": {
        "buildType": "app-bundle",
        "credentialsSource": "remote",
        "node": "20.18.0"
      },
      "ios": {
        "buildConfiguration": "Release"
      },
      "env": {
        "NPM_CONFIG_LEGACY_PEER_DEPS": "true"
      },
      "cache": {
        "key": "lacnutry-v3.10",
        "cacheDefaultPaths": true,
        "paths": [
          "node_modules"
        ]
      }
    }
  },
  "submit": {
    "production": {
      "android": {
        "serviceAccountKeyPath": "./google-play-service-account.json",
        "track": "internal",
        "releaseStatus": "draft"
      },
      "ios": {
        "appleId": "seu-email@exemplo.com",
        "ascAppId": "1234567890",
        "appleTeamId": "XXXXXXXXXX"
      }
    }
  }
}

